date,US Equity,US Treasuries,US TIPS,US REITs,Gold,Bitcoin,JPY
2007-12-31,0.014209757207171282,0.0031230966443225195,0.0031316692415481874,0.02552110202184786,0.0135781251132156,0.06712689995765686,-0.0028098246727851495
2008-01-31,0.014111440693119199,0.002579600589586937,0.0028354024644972214,0.02689510611682714,0.010084801127773619,0.0840325802564621,-0.0027887347427935642
2008-02-29,0.013752287366894538,0.0021838443059157726,0.002530753526268046,0.028190983183937368,0.008147826770602584,0.10471498966217041,-0.002655517400257423
2008-03-31,0.013408862197685598,0.0022141034046138804,0.002452025877362755,0.028865399271499847,0.007369770324876844,0.09599906206130981,-0.0019999241898915865
2008-04-30,0.01370909253554466,0.0025948311776480613,0.0026739817634181783,0.02797017202341305,0.009518376457034908,0.1575084924697876,-0.0019813812264812803
2008-05-31,0.01290202910105211,0.0018498218350810596,0.0025538355553833916,0.024741225704344096,0.013906952223893014,0.1646607220172882,-0.003177346019171675
2008-06-30,0.012056840887717355,0.0008543553383526187,0.002272625603023992,0.025277186115247558,0.01222234196878866,0.15045428276062012,-0.0038583958116178633
2008-07-31,0.013543372176838028,0.0010293648066198825,0.0019121915085083389,0.027212624780034573,0.009774824103455333,0.1392688900232315,-0.0030544067334895893
2008-08-31,0.013878964656544757,0.0011664837075621574,0.001820595046444916,0.02742258295703338,0.009026454587516598,0.10840590298175812,-0.002882901330796425
2008-09-30,0.013593700078821961,0.000860550754898002,0.0014361975403448355,0.025312206659956652,0.00706719812323249,0.030709832906723022,-0.003717755108195889
2008-10-31,0.015148772578654934,0.0018701444381350415,0.0026382673405107825,0.025593872898391924,0.006071878285042593,-0.012435369193553925,-0.0023021045042335253
2008-11-30,0.014216489987083821,0.002727872945995605,0.003393736680203027,0.025616066751858308,0.008516514194584856,0.02072756737470627,-0.0009837217689862615
2008-12-31,0.014193621963876123,0.0007160537173179463,0.002043476478459306,0.02995557841533966,0.013038654786132734,0.05248813331127167,-0.004245457974075306
2009-01-31,0.012388668628334279,0.0005391110276890829,0.0023359349094391026,0.023417005616274262,0.01091445293757655,0.07176709175109863,-0.005805764591720007
2009-02-28,0.009910261102429412,0.00015801434782301274,0.0022811178269166667,0.020799016747091878,0.014495091032316576,0.04554203152656555,-0.005823571726017996
2009-03-31,0.010796493353031148,0.0006317251697581074,0.002342175172813345,0.02474595810621639,0.015762309075821025,0.0885646641254425,-0.005362579846194316
2009-04-30,0.009706439992031808,0.0010215278996137803,0.0023106233161050383,0.023881872721895982,0.018337890950433214,-0.006516262888908386,-0.0029097226333949515
2009-05-31,0.006308213170486643,0.0015359570284298129,0.003409666488751283,0.029848204861253315,0.01861449504605409,-0.3102216124534607,0.0004257617740789731
2009-06-30,0.010758623077419833,0.0007388273783830918,0.004875028845773114,0.03331770106545777,0.015532134776493386,-0.5497005581855774,0.005294269573107413
2009-07-31,0.013133065768770411,0.0009071699182891754,0.0049302107682346824,0.0401355569462215,0.01503398887662747,-0.5827981233596802,0.005633774323152191
2009-08-31,0.012779656700301553,0.0012060901168164527,0.005216728939038107,0.0451796643172652,0.018602284536539462,-0.5788118839263916,0.0060262368658428635
2009-09-30,0.012849151396439447,0.0015317917223170144,0.0054380903774211165,0.047349112543161306,0.018213642374317964,-0.5476996302604675,0.005802986557767519
2009-10-31,0.011021571091440197,0.0021856261253724216,0.006093025454416474,0.0478780177831607,0.019089119270250227,-0.5201623439788818,0.006432436087557267
2009-11-30,0.009532190397899848,0.0025084065711366028,0.006348804403796794,0.047316356071102725,0.024052197540220033,-0.50279700756073,0.005321317500275728
2009-12-31,0.011206421024218819,0.0025340544029347012,0.005967742515589526,0.04754583719018412,0.02222965200014292,-0.5734772086143494,0.005847775429842515
2010-01-31,0.01138159729726224,0.0020245743877910782,0.005961554124465534,0.046765194362693996,0.02279746182916586,-0.5259815454483032,0.007980854496002582
2010-02-28,0.010199789926485991,0.0012375514509913692,0.005610841865668528,0.041286198076460855,0.030389068323692682,-0.4257701635360718,0.009358954651813819
2010-03-31,0.011407834701780447,0.001564098460707682,0.004969543815820652,0.03902919574710185,0.03036929805221819,-0.40394365787506104,0.009819790379607105
2010-04-30,0.012362922127356983,0.00043501567044706806,0.004279566038163237,0.02580735593418977,0.022857742745972225,-0.28424370288848877,0.01252878695349121
2010-05-31,0.00914529236859374,0.000741818192276512,0.004490913367644631,0.020305803811465725,0.012618600313463655,-0.0892881378531456,0.010816666288006786
2010-06-30,0.0049361120771407255,0.0014820495621657662,0.005931950096941998,0.02057916373793192,0.014062018929495069,-0.1232912540435791,0.007224947682726636
2010-07-31,0.0029351505605130787,0.0019495291222782307,0.007045926618180066,0.014072987082415637,0.027797466252985167,-0.2121473252773285,0.006176169207070808
2010-08-31,0.002800131614581757,0.0020421386389217586,0.006981794402337442,0.018213999573228744,0.018751666913546503,-0.17346826195716858,0.00733728666069134
2010-09-30,0.003423038417163258,0.0017494600384532813,0.0060608783312183015,0.01155522446228963,0.023581500382656276,-0.1274576634168625,0.013364492736719023
2010-10-31,0.0014922613428747546,0.0029057113402059485,0.006223077710324328,0.0012318783972610475,0.02788297853521853,-0.18093296885490417,0.01744213726495841
2010-11-30,0.005266868331197881,0.0015598609606849456,0.005019634516145593,0.001447478717978885,0.022785165162177306,-0.1820678412914276,0.018180093485899246
2010-12-31,0.010944642007179772,0.0014917783785924291,0.0033961664286791607,0.0012202166246462684,0.015329996987599289,-0.32363420724868774,0.01507520395465165
2011-01-31,0.013726300481068206,0.002047879460589923,0.003454207093730699,0.011064393691280159,0.01549553236154374,-0.272654265165329,0.013652179398644068
2011-02-28,0.011991955804857141,0.003104645818962947,0.004467150226802958,0.021134403906535065,0.016803912136105725,-0.2832953631877899,0.009236671313972659
2011-03-31,0.008157514105893595,0.0027378922520348045,0.004917864719141451,0.024909584597627994,0.019408299579870482,-0.28407174348831177,0.006246983220191091
2011-04-30,0.002699253795902979,0.0016926185972862286,0.004842073378417657,0.02292228145326325,0.023326205290428236,-0.2186034470796585,0.0051397672191540004
2011-05-31,1.705087290394293e-05,0.0014171189184400343,0.004093104035357504,0.02604751397963042,0.025255044386802483,-0.13895350694656372,0.0044068596516001965
2011-06-30,0.0009099947763406332,0.0021075532535931637,0.0038034174702191704,0.03614057910503677,0.024891729920518864,-0.13038992881774902,0.0019605546490752603
2011-07-31,0.022424426628800034,0.005300049685097652,0.0018050123591829507,0.02856411544427457,0.004691224550284286,0.0025552958250045776,0.010460540986750663
2011-08-31,0.02200803522506975,0.007318896202764859,0.0037308038943799286,0.026456207681005414,0.0077356898960181265,0.12240297347307205,0.016922704872507237
2011-09-30,0.016459972715089553,0.008493601228667137,0.005657656147716643,0.027736607041296005,0.010284615100772644,0.1135626807808876,0.01919824831689885
2011-10-31,-0.008837469043057527,0.00789713908619708,0.011926718453184493,0.007140699461320432,0.028263511454980295,-0.21594485640525818,0.009171689661490122
2011-11-30,-0.016447538162628686,0.0060812744608125325,0.01146874917895713,-0.020863600573951736,0.023164524586544236,-0.46610262989997864,0.0055765251498406335
2011-12-31,-0.003037047580230886,0.005281991647736306,0.00901823998662055,-0.022524501460944868,0.011483789501674155,-0.6013895869255066,0.005547273512006151
2012-01-31,-0.00013399904816259554,0.003512034678732986,0.007366108653386525,-0.0105402898342203,0.019131238261623516,-0.6081021428108215,0.005761287131672782
2012-02-29,0.016292628975695108,0.00438229140370116,0.005556756238401914,0.02000393257344284,0.019973631433519223,-0.5494827628135681,0.008892705854743024
2012-03-31,0.01405385055598184,0.00435294707138907,0.00520212865972949,0.03519059993447571,0.02799382230334593,-0.3724483251571655,0.00823038100090478
2012-04-30,0.011308428319591328,0.005113898437284483,0.004734693741323792,0.04656584249805852,0.02810111716060723,-0.2699299454689026,0.006751583633498766
2012-05-31,0.012245029679205353,0.0049008153935325375,0.001005471531603917,0.046013712419972784,0.01463549484389657,0.026761412620544434,0.011014079557890012
2012-06-30,0.01116291042577484,0.0029493051021404247,0.0009487993345667204,0.030815294239514762,0.01832540674425574,0.9187931489558877,0.005274361029471137
2012-07-31,0.013923272313009192,0.0030569376811078047,0.0015614431170445672,0.03327643061426184,0.0171320740203596,0.853088666460583,0.005148273911916449
2012-08-31,0.015794371845107773,0.003345509169567835,0.0023108256944243226,0.03409020280456184,0.01502413130538439,0.7892525609882666,0.004303398702065924
2012-09-30,0.015759540721387865,0.003987778465024516,0.0030188142804514206,0.037507871244487484,0.015774797306868055,0.7114773200372853,0.0014740264744520907
2012-10-31,0.014752524952042743,0.004339436759923903,0.0026054609545851336,0.03451769445184165,0.012433718824179077,0.7203360229041593,0.0034190752409284306
2012-11-30,0.014638493145660523,0.00420357630148614,0.001707070653344813,0.0355463403767917,0.012140328347256785,0.8093889926006155,0.0014951410261689908
2012-12-31,0.013790867574637572,0.003348488135854264,0.0013573058448412278,0.028189483971824636,0.009098438852128465,0.8160181384962624,0.0040629276118234175
2013-01-31,0.014224504727150904,0.0031713285168234458,0.0005428657388563398,0.021153822517724786,0.004048694676742806,0.9731923285622113,0.0036199112100563876
2013-02-28,0.013030901011609804,0.003107511931004397,0.0008838037694468299,0.016551773957744268,0.002183922743681909,0.9795924821194147,0.0033368176385164382
2013-03-31,0.009612031667337314,0.0031990958138949865,0.001035303537579245,0.01726164514799164,-0.0007302073819343002,1.0352007023028373,0.0007817200971640494
2013-04-30,0.009847290250269225,0.003050285486500315,0.0011031360770388326,0.01790109378771445,-0.0013012416476809521,1.001346001444271,-0.0021144455642237133
2013-05-31,0.01003016799824958,0.003024399547279176,0.0012598223477667384,0.014388133028212728,-0.000678275691013093,0.950878705757055,-0.00010377736062422167
2013-06-30,0.008491199664118352,0.0029941007208199215,0.00148216322088834,0.017293576063490496,0.0033819876646429183,0.8852739064475628,0.002687550133915047
2013-07-31,0.007112362720875204,0.002438052107500358,0.0009320056412588117,0.013662165700802947,0.005117865021422505,0.926374060403382,0.001736019200108142
2013-08-31,0.007942882950460244,0.002523839641325855,0.0018409692962923965,0.01760580010949548,0.006253707138984127,0.7395313171141921,0.003333727586868361
2013-09-30,0.005116712325637186,0.002175754472988802,0.0023233256359664204,0.01534481221221871,0.008985997501941028,0.6643724534934211,0.0036369300701992262
2013-10-31,0.005846301835256551,0.0021084142399433,0.0020246938898882292,0.015126149610494608,0.009017729707882005,0.7108869041888429,0.00038551678627618373
2013-11-30,0.006949038713239098,0.0024245137120533135,0.0016509082213672734,0.012565285060617768,0.0036364576961325414,0.8452714705831614,-0.0001279237653401058
2013-12-31,-0.00314168030146416,0.002913607651378384,0.0030037247127389175,-0.004415822402987777,-0.0018651952946146105,0.4853162539213306,-0.002619593493711761
2014-01-31,0.019575396367576617,0.004430456716312243,0.0027166861268430784,0.005910132446808201,0.002392237570942004,0.07632047211658813,-0.004229558124511168
2014-02-28,0.016352423271826518,0.0039149737367095835,0.003350234904722919,0.005953580891471351,-0.0012612925379837416,0.32025243503879336,-0.008572194156619915
2014-03-31,0.013782016000105415,0.004306730657137672,0.0032106500135820554,0.007638049787321314,-0.0013067656905914361,0.2752627736686202,-0.006837732111046418
2014-04-30,0.0050720998894521465,0.0058440110005416905,0.003822164512658829,0.011563075892355449,-0.007559254940236085,0.15416802015640893,-0.006007233415096572
2014-05-31,-0.006535792599709166,0.008229446980423688,0.005094737385830101,0.022796017224668716,-0.004997706782283624,0.20231590840762237,-0.003194810840714299
2014-06-30,-0.004410412807818981,0.006101506304302238,0.003947676974698817,0.01369625120069673,-0.005854260800377192,0.3631419885776195,-0.000662243593307106
2014-07-31,0.010016470412982434,0.005467124118660956,0.0026793346824545176,0.015289106039022247,0.006128367717459504,0.004205725261514637,-0.005749579003713949
2014-08-31,-0.002986472197027485,0.0075849839901046484,0.004710365202405362,0.016445564901994128,0.010717116292202851,0.29827589562559226,-0.0015023824957832335
2014-09-30,0.008164494744051669,0.00823303649185859,0.004467246405937552,0.022559853482611344,0.019285554350098016,0.010961355697749975,-0.0037150277188315608
2014-10-31,0.0008511623072723741,0.007512781880650602,0.005108295874788066,0.007813554119950484,0.02409265674015827,0.21281106343787715,-0.002279497561715232
2014-11-30,-0.007475533178251956,0.00734780123624674,0.004966645194607398,0.0010357133872452937,0.0294113921793592,0.30912010678173446,0.0019931360054892106
2014-12-31,0.008351312064573404,0.005970563448497607,0.00300556723640854,-0.018361239539741774,0.029916683561195083,0.2508830177923389,0.014136456515172487
2015-01-31,0.006749635072951303,0.0071359696965738965,0.004014709706473694,-0.009854361292543185,0.03224449325291208,0.09471901625803691,0.009866298758170735
2015-02-28,-0.0017593633385057997,0.003576484152495398,0.004515093660187142,-0.018543388316316453,0.025385019939596257,0.455754480837991,-0.0016488782075525133
2015-03-31,-0.001291007862998187,0.001219142271623085,0.0022230363649038904,-0.01025974843935788,0.021697861247791092,0.43641076269022755,-0.0053845128982986466
2015-04-30,-0.004123888816752963,0.002298987013120477,0.0017253082587085822,-0.001098472933494684,0.02422679227463278,0.35184464292456735,-0.005046863185147804
2015-05-31,-0.007223627076896971,0.0037055285871709915,0.0022807459012737915,0.002910267026581993,0.024120975798096342,0.3825008751474185,-0.0035639547995212173
2015-06-30,0.0031721161662801624,0.0025032209835944555,0.0019831264937738885,0.009589631912023184,0.013021465230544725,0.3228546930836343,0.0003564838454378622
2015-07-31,0.011336483086752705,0.0037361464615841312,0.0014165326089694795,0.008927962648422022,0.015507091308369199,0.4547620089323597,0.00043871614349239377
2015-08-31,0.01018601915908603,0.0035521006400334736,0.004091542471255984,0.009940620425594123,0.009955864748616233,0.4260364514179657,0.0028257787280552404
2015-09-30,0.010689878157636402,0.003074434952427702,0.004682599613366179,0.008406808744793036,0.014938221561423846,0.4341280309361474,0.002229943014232626
2015-10-31,0.009157669020153717,0.00335864356628519,0.004917392425023598,0.006851640093822383,0.022586695551675445,0.3732724035124314,0.0027760859870527665
2015-11-30,0.008892042006274031,0.003996453566024179,0.004463298139755649,0.008528125557178072,0.020569147062064322,0.3782316568654444,0.0018491685309273307
2015-12-31,0.009629505292390404,0.00415612722028807,0.004304581147998949,0.009779283841800955,0.01934311729872521,0.4059591804437051,0.0014829288069945583
2016-01-31,0.010829860948668953,0.00396040289552451,0.004310956441590735,0.010852768442357342,0.01828417743339291,0.42879326608254,0.0016872751260203337
2016-02-29,0.01073864218216453,0.003700254683839893,0.004236478290822625,0.010078326470395993,0.019541809015889137,0.43044485866422194,0.0021532259192880063
2016-03-31,0.01071701826304964,0.00425545279637851,0.003524684273061824,0.011687182624845568,0.023664362912526726,0.41258870138545317,0.001886893061162579
2016-04-30,0.005009686325991448,0.0044634777828467444,0.003250007383167679,0.0186986504728077,0.019224871402142525,0.3990668374162478,0.0008080425887206599
2016-05-31,0.007922218773265228,0.004877239700104997,0.002329287755796944,0.016361624178996004,0.01646931447643233,0.46707071673725253,-0.00022411769171633094
2016-06-30,0.008897850231710053,0.004475555613656032,0.001842358803634689,0.017172949136351978,0.016697636041219543,0.5182895010509773,-0.0009505244211555788
2016-07-31,0.012430793455545885,0.005417690888373298,0.0011265455259134526,0.015983940718056394,0.012226403149344506,0.5741631241145142,-0.0013647510345561524
2016-08-31,0.009661612342156328,0.005129905701471241,0.0010888156341504964,0.01782284969509053,0.009046104549927735,0.5625080015956937,-0.002813786227072561
2016-09-30,0.009741400397284855,0.0048512617633939105,0.001013046466662254,0.017081798867183397,0.008183465743224363,0.5379639806284633,-0.0019561552888364394
2016-10-31,0.005544253711949386,0.0034006849128061997,0.0017046120638674412,0.01779442907254428,0.009148243666168766,0.3706764709699592,-0.001023991900213712
2016-11-30,0.003932488083258653,0.0037637706339320696,0.001804033865301062,0.007708660646443765,0.013584567473554717,0.3149492509039403,0.0019784939176455537
2016-12-31,0.008767629504190166,0.0018790992209144462,0.0007719794123879225,0.005578517630903789,0.0036739273099811393,0.3681396167719562,-0.0005765606429115657
2017-01-31,0.009757177577722004,0.0025157867150065695,0.0006498987037704066,0.011100390842954902,-0.0015434235935192255,0.31005248982344785,-0.003361517580068726
2017-02-28,0.009540938163629371,0.0027907510857559,0.0008252577121981024,0.011981006650779214,-0.005112966637313931,0.22749557710907153,-0.005996375554821721
2017-03-31,0.009282774178829502,0.00294283457201577,0.0007838925915744988,0.013381247044758859,-0.004970365161785973,0.21500194377810353,-0.006715551479706529
2017-04-30,0.008679867455765555,0.002710329354578552,0.0006449576360976123,0.01314823650091354,-0.0028310177855494067,0.22989485024221862,-0.006948258001687947
2017-05-31,0.009230452314586872,0.00270510379597975,0.000795556856073409,0.014713378104677058,-0.002531004844606378,0.2157982645003546,-0.0074895546319082235
2017-06-30,0.0102461101970712,0.0026671780508690486,0.0007297475352626257,0.014289099906097237,-0.0027351166827905508,0.24859722089392494,-0.007048760470297662
2017-07-31,0.008856551985040054,0.0024171249866687242,0.0007360709684329926,0.013183074983830976,-0.002208320948177323,0.26937877514842057,-0.006727328020430633
2017-08-31,0.008608082985274662,0.0024921396396865017,0.0005361491364122763,0.012940267594700528,-0.0014400592197745064,0.2465234963814971,-0.007414100082446499
2017-09-30,0.00866654693308607,0.00233887225410015,0.0005923210694665708,0.012755894106573953,-0.0007180505561403712,0.298103410973581,-0.006389155944969884
2017-10-31,0.009252984136792066,0.0023097620880190763,0.0007685904500276156,0.011634745804188065,-0.0019894999219089472,0.3536351348046055,-0.005855488899257399
2017-11-30,0.007614465301106504,0.0020814644075980568,0.000658458757644342,0.008891770284351622,-0.003235811838076511,0.32548087174672613,-0.0062371103379609515
2017-12-31,0.005668500063409429,0.002074859538688909,0.000613247682851045,0.008867636312830118,-0.0038891272230829124,0.23925730698405331,-0.007471932165235797
2018-01-31,0.0053333340283140684,0.0019699305067473758,0.0014562715858890095,0.010037066211039622,-0.0048752539356546176,0.12690263556724418,-0.00796942070312337
2018-02-28,0.007499177633611412,0.002261804128464059,0.0026033634624026436,0.013617155391288308,-0.001603862149505423,-0.003991451194332862,-0.007550374792194683
2018-03-31,0.009667072040063123,0.0028297701193823834,0.003281783013346544,0.015957794925179482,0.003702858214930778,0.002640637124284362,-0.005075268308798244
2018-04-30,0.009900565206098829,0.0024801158495278523,0.0030309194431331534,0.01457320500617081,0.009716315376103004,0.03229067926399623,-0.0031301381160345762
2018-05-31,0.01029652748512371,0.0022572992851996833,0.002424270386401747,0.015447905015397577,0.009423435343987081,0.06562069713564611,-0.002355006245521622
2018-06-30,0.004964042928559189,0.0020728693500831957,0.0018074101870863145,0.011634572607003991,0.004472488665137914,0.05302389858611295,-0.0002478165157387592
2018-07-31,0.005059275682257797,0.0023029039125181646,0.001448101211550426,0.011503118877870753,0.0038805285580120145,0.07519918575226592,-0.001608406116158294
2018-08-31,0.006728833264798722,0.0027167610201662916,0.0012311472187051884,0.012392039632166424,0.00028942093982458304,0.13031825590735657,-0.0044330354685594405
2018-09-30,0.0063930259449308585,0.002750621609082231,0.0012431258235012135,0.01093342034679444,0.0005569992371099678,0.12696959650313266,-0.005750481893762673
2018-10-31,0.004950514068826038,0.0023592200730516892,0.002883950632812479,0.01479843410888996,0.0014980394179956438,0.10356586313070099,-0.00333981504242042
2018-11-30,0.005851425450017609,0.002119940651444603,0.0035197932101970674,0.01382762639436957,0.010135207991866855,0.1806355375843475,-0.0017051897008131525
2018-12-31,0.008150857493123446,0.002547018397383912,0.003758254633073282,0.015268504669366008,0.0063757844022036304,0.23493638606136233,-0.0005994224268538105
2019-01-31,0.008401545341822234,0.002591710510290354,0.003862360231418803,0.015516084240912092,0.01335153325255679,0.19724386384440973,0.00184373068407752
2019-02-28,0.005320579390072208,0.002203624647876585,0.0032933274681501623,0.021002050250108747,0.011724569025929766,0.04024418470309901,0.0022105362623407628
2019-03-31,0.004826820543851968,0.0024750346202542604,0.002488707371093829,0.019117351514418693,0.01083903601834604,0.0747022189552965,-0.002306909919248292
2019-04-30,0.005534594375261072,0.0029956648590075633,0.0016877393525179508,0.017117770780539256,0.004956681509940803,0.12049666776137477,-0.006069805073204818
2019-05-31,0.006101942890973213,0.0026229303095732072,0.001691306848156496,0.017709488741541133,0.007709081796394469,0.199512427759155,-0.002939616129867649
2019-06-30,0.0059804420935647695,0.0023042783848126465,0.0013275102644959831,0.013490792531864474,0.009171824472428034,0.18626792380744103,-0.0033786748561736007
2019-07-31,0.005115094127356668,0.002498187868538281,0.001580437545981329,0.016656276347216628,0.004640784369132899,0.15292043633907396,-0.0041445477697197985
2019-08-31,0.002618813976640601,0.0016614077533918734,0.0027687982694716996,0.014335409803625321,0.010842204761018423,0.10710845085008772,-0.002637885730642919
2019-09-30,0.003057608023376227,0.0015252066219669617,0.0026942734104966667,0.011997317146595899,0.012108583220935023,0.09510769195205515,-0.0018243242553527697
2019-10-31,0.005400882068683751,0.0018196610259497324,0.0016541156463253253,0.011449482564917216,0.012624391387001183,0.1036187136944558,-0.0024798028261255826
2019-11-30,0.00800412892738396,0.0028168997895218167,0.000959579553244204,0.014515150939198964,0.006487643941733121,0.1445193195086367,-0.005129400278624694
2019-12-31,0.010272208069379047,0.0020647050332886,0.0005546609843544083,0.012163188578572614,-0.001245416558117371,0.1625294770424855,-0.00549732560432758
2020-01-31,0.0060394478811027046,0.002312722265833247,0.0010520544948161663,0.01410088824008025,-0.0013785018764169588,0.07745586166684382,-0.0036356872908938913
2020-02-29,0.009642307567024846,0.0042871279050606115,0.002942174469880424,0.013914609913176314,0.0011496586372995695,0.09681854620087717,0.002213264451770125
2020-03-31,0.0068251585754988,0.004252268666577728,0.004046100361333285,0.01736661030729262,0.006744916924546435,0.1125252896352478,0.004279547249081373
2020-04-30,0.006241637071651248,0.0045517020289239166,0.004935228598777515,0.018122393288850035,0.012751862583813348,0.0995897840261609,0.004544878205042211
2020-05-31,0.009750764623504656,0.0052716657708433215,0.004584987461848013,0.01605744322596144,0.008971302049941895,0.12169759467548548,0.005711822479796071
2020-06-30,0.012233270948454856,0.005265174057236293,0.004086527692476372,0.01585293461934653,0.0056327643135705985,0.10262027035341272,0.007528317261384785
2020-07-31,0.012394824079910279,0.0050591021252435085,0.0043989270617137925,0.017943543596144855,0.00491032282832876,0.03778661705576061,0.004989573856415283
2020-08-31,0.012093938140781855,0.004532126552945307,0.0039012477918303106,0.024290955650811276,0.0028900195315121674,0.03252696149180598,0.0009763128931171782
2020-09-30,0.010858723870556645,0.003943741960711402,0.003979851208850145,0.029095154049596512,0.004959490455644689,0.050331254794285074,0.002092363001893498
2020-10-31,0.012018067559543447,0.003480846578911539,0.0035021628952380023,0.022819782089771982,-0.00020421149375959152,0.08808987745892441,0.00566988895638508
2020-11-30,0.01651129821005614,0.003246982964885016,0.0028238070827238484,0.013278905815826485,-0.0006642669341085233,0.1701094738517936,0.008184859553770803
2020-12-31,0.01524509638254957,0.003171632562758637,0.0028047466242136386,0.004975633901396158,-0.0012990762668342506,0.2601554770523482,0.005549390241214439
2021-01-31,0.012687576656370242,0.002484623932244005,0.0029822661481084477,0.0011190578200105696,-0.0010270454479031944,0.1640214357237569,0.006455852747808794
2021-02-28,0.0124697011322514,0.0025108602024733425,0.0028416523645472393,0.0041777911252304754,-0.0020455538378257154,0.12022325142287094,0.0056023523107509125
2021-03-31,0.015107300984338245,0.0022275562950002377,0.002602433911203238,0.008987386933713966,-0.004401839921596278,0.17365898759229753,0.0031163258146584476
2021-04-30,0.014230401895877976,0.0025739843536158654,0.002544642373206295,0.01897913270157972,-0.0036483763352151907,0.18616060864868747,-0.0043491547424079
2021-05-31,0.014825434503096866,0.0022418268748187063,0.0021054821329436553,0.019144117188038424,-0.003342520270844385,0.2156334348855984,-0.00526500334149449
2021-06-30,0.008805511645317409,0.0018642550427617841,0.0024264716333662114,0.018532368657837903,-0.0013398301940362994,0.10776243961629496,-0.0026090741363338594
2021-07-31,0.006708518008767885,0.0028481991449120286,0.002573896442514596,0.019819014018117385,-0.0010079669097976078,0.036655734269386536,-0.00276123050980314
2021-08-31,0.0048624418418157685,0.0031962069091898784,0.0027718005308904068,0.020297005850205427,0.0005477417297352644,0.015477035969791414,-0.0030375820914794417
2021-09-30,0.009466464623732618,0.0034968150373607476,0.003141279885737884,0.022232798934143618,-0.003436638892563914,-0.09009638387457716,-0.0022468037833998232
2021-10-31,0.009798103927511985,0.002347273494072757,0.0026999140339609004,0.018440906563346474,0.0015500626048013666,-0.034083444721780515,-0.0026149889830398695
2021-11-30,0.0068247542981215515,0.004595055683253292,0.00390356906484576,0.020407734417078993,-0.004279666475426297,-0.12830389720927035,-0.001989727736185736
2021-12-31,0.005287080072111119,0.004027820394188055,0.00389961965927568,0.019332469210796836,0.0014294741562871378,-0.1107230884974594,-0.002718005567681068
2022-01-31,0.00711982845149659,0.005019003356861787,0.004549182484631972,0.024223610763501543,0.0005878414217654667,-0.14656637095694822,-0.0015517639180339612
2022-02-28,0.009727634774130042,0.005207958090805706,0.0044564756600145375,0.02471135949801833,0.0004171681011349588,-0.11448161356939743,-0.0007027942116524432
2022-03-31,0.012215451017555674,0.004253932596298078,0.004501924005388568,0.021143994093456613,0.006651438364412723,-0.0731400365216969,0.0004846943249681001
2022-04-30,0.010852591992689807,0.005308241264362795,0.004343846929785756,0.027866645356554462,-0.0027990356943498815,-0.07983293940897637,0.0014250750475240277
2022-05-31,0.013365319930224391,0.004507624529122645,0.0044138067283724155,0.02455049518349226,0.007605529281227399,-0.018682481335659307,0.0007521239187278177
2022-06-30,0.012658102633895295,0.003887721447609917,0.0032069972839831,0.024003144778277,0.005222220638247602,0.03798577427245867,-0.0005039330406174405
2022-07-31,0.0176831813596217,0.004401888347799298,0.002817303308209562,0.025110252222140687,0.0077285631098683565,0.10515039579820054,0.0023536166065998266
2022-08-31,0.016801339175563246,0.0042288267561859895,0.0026069642683630555,0.025358150288676547,0.0015864246307421203,0.10434130357538461,0.003300888579342353
2022-09-30,0.012580860678139433,0.00369124733363556,0.002187767091555867,0.021626497924598843,0.002400216807757466,0.0975746610054472,0.0015919244289565068
2022-10-31,0.016885836435104933,0.003999709789414385,0.0024897520454270597,0.019989993503437244,0.008557533053649907,0.14136405752870362,0.005228883764782397
2022-11-30,0.019379802062208813,0.004414755522565335,0.0031177216902065676,0.019888212552584078,0.011530630314223184,0.1879049136611517,0.00754748946843616
2022-12-31,0.016675338901644347,0.0028105514295548384,0.003528782565467688,0.022063957898455125,0.01110625136496367,0.15512723221016042,0.005337097338137539
2023-01-31,0.01733549258379855,0.0026510378014777177,0.002888450137192833,0.020679795921882904,0.013306568030430538,0.15174975489402592,0.002949781604851065
2023-02-28,0.016668934271580803,0.0031551821580829372,0.0019172696044665039,0.02339183439027534,0.005739873906242758,0.2138705018372384,0.001243624491191862
2023-03-31,0.01764291356048577,0.0024769079017793487,0.0014686418177887936,0.017481311527852646,0.011824434656683784,0.19732207689211428,-2.072386616100777e-05
2023-04-30,0.015234171134244598,0.002871275105846516,0.0019247807104955006,0.02099552411140182,0.011901081100218817,0.1723035831729374,-0.0038144732147995146
2023-05-31,0.015356396043296094,0.003065297875067894,0.002038815297658362,0.017297198094414712,0.011336206058216367,0.16626029444398802,-0.0027010654677680473
2023-06-30,0.016094115082584657,0.003497501374661635,0.0012971164276158794,0.018869128255388615,0.006539096261379229,0.18620110658899885,-0.005226153124718122
2023-07-31,0.014319622253423085,0.004157134529173102,0.0013051329005315455,0.019141183241618565,0.002441005950714504,0.2304960393392611,-0.00621121869541782
2023-08-31,0.014657253582022493,0.0038617012945256586,0.00069517175268323,0.018120093469735303,0.00334145059621642,0.20832002512983663,-0.0062192840147909925
2023-09-30,0.014025783334786088,0.0027805127635100197,0.0007579257462859545,0.020276516995226784,0.0033227827847197708,0.160724982435241,-0.0039051178888584266
2023-10-31,0.013591256886661825,0.002543830409377846,0.0016951447779199342,0.018816728620355147,0.004518216965865889,0.1689928223939374,-0.0015698211633445101
2023-11-30,0.014245372867385388,0.002749343790389731,0.0014138208752950841,0.019970481569311187,0.009809682680009814,0.14749952797142263,-0.0018014268620170767
2023-12-31,0.014038482421346091,0.004334841589769521,0.0019621151124022745,0.02514029187807248,0.001578653721488796,0.19049722588968304,-0.005160469501396717
2024-01-31,0.012035389096501502,0.003934767976136038,0.001682290082020841,0.019758467645666845,0.0005298794214232405,0.18130331148822873,-0.0066277421766826345
2024-02-29,0.012585745954516437,0.003364979413032576,0.001530575194706526,0.01642666157695364,-0.0005376577922431465,0.13985738493530714,-0.00849474696756216
2024-03-31,0.012284148030758467,0.0032259457143129803,0.001304580382188943,0.013533395286601971,-0.0012680053746430275,0.16370955444334603,-0.008040592747372295
2024-04-30,0.012654284360736227,0.0024872144890735674,0.0015552242832520594,0.011064493007461254,0.0036198598115508096,0.08795797892847396,-0.0070127756122311665
2024-05-31,0.014740413730184188,0.0025472707101445247,0.0013911066890591806,0.011756864653737218,0.004880371996812639,0.10627343173384923,-0.006632984250577796
2024-06-30,0.005255278656987818,0.003308801888874434,0.0017789150594160164,0.014096540896767006,-0.0010513218228580985,0.005245069063108981,-0.005333192903243461
2024-07-31,0.017836728481702775,0.0012108499958611426,0.0013938397218416058,0.016842904869320437,-0.002677328763121496,0.055610072261559354,-0.00475437683967982
2024-08-31,0.002799795721275088,-0.0009242996632795064,0.0018737080779469672,-0.008286635653183678,-0.012957205567801664,0.085649409198372,-0.018289256704872872
2024-09-30,-0.012805708103141036,6.322791970761812e-05,0.0020534204045749124,-0.017107314630804404,-0.01196362176560913,-0.15458102883873873,-0.01566538748840394
2024-10-31,0.001551005822642771,9.842595766108245e-05,0.003085592516694713,-0.0021139658343477218,-0.01289129434838812,-0.20740181931362153,-0.016843872084676158
2024-11-30,0.003518817849193166,-0.0012333539442557868,0.0020460014366419864,-0.008670615036763207,-0.020425870554274424,-0.045949722907137586,-0.01830786532995292
2024-12-31,0.010251873044144233,0.0005336486145797827,0.002771749897730801,0.013353385211811168,-0.010108632251728615,-0.10884854680044867,-0.012619156045347215
2025-01-31,0.0004799362391816782,0.0010712019102002944,0.002865061802938148,0.0022017884840343496,-0.007016986917230492,-0.15780406209221418,-0.015766664476003573
2025-02-28,0.010902354908735989,0.0013870662111818957,0.002711959568646095,0.01604837754780831,-0.0043049650507040235,-0.13698557980886847,-0.01602539980281455
2025-03-31,0.010818046179417947,0.002440313455580318,0.0028513535506202604,0.01886572250829674,0.0001585813291997834,-0.10589013398704247,-0.021140838294404062
2025-04-30,0.006024598474195834,0.0021017049783722285,0.0031936707474475466,0.00433327633834059,-0.00016305718082870908,-0.0860236231660513,-0.021928491900793833
2025-05-31,0.004368423471792275,0.0008367028506401941,0.0038481042531510875,-0.0038508688616599694,-0.008378730926619728,-0.12370423001802258,-0.019061898270647887
2025-06-30,0.0011039704425096011,1.5073721899684124e-05,0.0034209006050977104,-0.009140009043853863,-0.014115895601173526,-0.11114456047578666,-0.013032353093811915
2025-07-31,0.002897760701314034,0.0004210684440630148,0.0026681567875187855,-0.006928313808127459,-0.009255140512733543,-0.014637831721044381,-0.00681772616841096
2025-08-31,0.006906412062187927,5.956935153748205e-05,0.0024631169216903777,-0.006377409032779474,-0.003006474270447746,0.17617842075918072,-0.004773352602686614
2025-09-30,0.007373122515413404,-0.00045920016230815075,0.0026085362609770866,-0.005782203516985577,0.0035655219959423003,0.22153608635632,-0.0030563707645650568
2025-10-31,-0.009803903054925085,0.0003640835044576569,0.0026004377990795796,-0.0148981739251887,0.0015753602670692856,0.09697857983212782,-0.00599354414786166
2025-11-30,-0.013048021937041576,0.0003662355224029897,0.002971399565508281,-0.01399457285185524,0.0016750873106127434,0.04012640882855785,-0.006761649368673239
